productType,variantId,sku,prices,tax,categories,images,name.en,description.en,slug.en,metaTitle.en,metaDescription.en,metaKeywords.en,name.de,description.de,slug.de,metaTitle.de,metaDescription.de,metaKeywords.de,name.it,description.it,slug.it,metaTitle.it,metaDescription.it,metaKeywords.it,creationDate,articleNumberManufacturer,articleNumberMax,matrixId,baseId,designer,madeInItaly,completeTheLook,commonSize,size,color,colorFreeDefinition.en,details.en,colorFreeDefinition.de,details.de,colorFreeDefinition.it,details.it,style,gender,season,isOnStock,isLook,lookProducts,seasonNew,variantKey
main,1,A0E2000000021S0,EUR 25625;EUR 16803 b2b;US-USD 25625;USD 16803 b2b;DE-EUR 20500;IT-EUR 20500;GB-EUR 20500;DE-EUR 19270#sunrise-store-berlin;EUR 24344#sunrise-store-vienna;DE-EUR 21935#sunrise-store-munich;DE-EUR 19475#sunrise-store-cologne;DE-EUR 19270#sunrise-store-hamburg;US-USD 19270#sunrise-store-boston-2;USD 24344#sunrise-store-chicago;US-USD 21935#sunrise-store-boston-1;US-USD 19475#sunrise-store-sanfrancisco;US-USD 19270#sunrise-store-newyork,standard,Sale>Women;Women>Bags>Handbag,https://s3-eu-west-1.amazonaws.com/commercetools-maximilian/products/079310_1_large.jpg,Handbag Moschino Love white,,moschino-love-handbag-JC4235PP0XXJ0100-white,,,,Handtasche Moschino Love weiß,,moschino-love-handtasche-JC4235PP0XXJ0100-weiss,,,,,,,,,,,JC4235PP0XXJ0100 BIANCO,79310,A0E2000000021S0,79310,moschinolove,no,,oneSize,one size,white,white,,weiß,,,,sporty,women,s15,,,,,A0E2000000021S0
main,1,M0E20000000E1AZ,EUR 15000;EUR 9836 b2b;US-USD 15000;USD 9836 b2b;DE-EUR 12000;IT-EUR 12000;GB-EUR 12000;DE-EUR 11280#sunrise-store-berlin;EUR 14250#sunrise-store-vienna;DE-EUR 12480#sunrise-store-munich;DE-EUR 11880#sunrise-store-cologne;DE-EUR 12480#sunrise-store-hamburg;US-USD 11280#sunrise-store-boston-2;USD 14250#sunrise-store-chicago;US-USD 12480#sunrise-store-boston-1;US-USD 11880#sunrise-store-sanfrancisco;US-USD 12480#sunrise-store-newyork,standard,Sale>Men>Shoes;Men>Shoes>Sneakers,https://s3-eu-west-1.amazonaws.com/commercetools-maximilian/products/079560_1_large.jpg,Sneakers New Balance multi,,newbalance-sneakers-MT980BB-multi,,,,Sneakers New Balance multi,,newbalance-sneakers-MT980BB-multi,,,,,,,,,,,MT980 BB,79560,M0E20000000E1AZ,79560,newbalance,no,,39,5,multicolored,multi,,multi,,,,sporty,men,s15,,,,,M0E20000000E1AZ
,2,M0E20000000E1B0,EUR 15000;EUR 9836 b2b;US-USD 15000;USD 9836 b2b;DE-EUR 12000;IT-EUR 12000;GB-EUR 12000;DE-EUR 10800#sunrise-store-berlin;EUR 16050#sunrise-store-vienna;DE-EUR 10800#sunrise-store-munich;DE-EUR 13200#sunrise-store-cologne;DE-EUR 13200#sunrise-store-hamburg;US-USD 10800#sunrise-store-boston-2;USD 16050#sunrise-store-chicago;US-USD 10800#sunrise-store-boston-1;US-USD 13200#sunrise-store-sanfrancisco;US-USD 13200#sunrise-store-newyork,,,https://s3-eu-west-1.amazonaws.com/commercetools-maximilian/products/079560_1_large.jpg,,,,,,,,,,,,,,,,,,,,MT980 BB,79560,M0E20000000E1B0,79560,newbalance,no,,39.5,5.5,multicolored,multi,,multi,,,,sporty,men,s15,,,,,M0E20000000E1B0
,3,M0E20000000E1B1,EUR 15000;EUR 9836 b2b;US-USD 15000;USD 9836 b2b;DE-EUR 12000;IT-EUR 12000;GB-EUR 12000;DE-EUR 11520#sunrise-store-berlin;EUR 16200#sunrise-store-vienna;DE-EUR 11520#sunrise-store-munich;DE-EUR 10920#sunrise-store-cologne;DE-EUR 11520#sunrise-store-hamburg;US-USD 11520#sunrise-store-boston-2;USD 16200#sunrise-store-chicago;US-USD 11520#sunrise-store-boston-1;US-USD 10920#sunrise-store-sanfrancisco;US-USD 11520#sunrise-store-newyork,,,https://s3-eu-west-1.amazonaws.com/commercetools-maximilian/products/079560_1_large.jpg,,,,,,,,,,,,,,,,,,,,MT980 BB,79560,M0E20000000E1B1,79560,newbalance,no,,40,6,multicolored,multi,,multi,,,,sporty,men,s15,,,,,M0E20000000E1B1
,4,M0E20000000E1B2,EUR 15000;EUR 9836 b2b;US-USD 15000;USD 9836 b2b;DE-EUR 12000;IT-EUR 12000;GB-EUR 12000;DE-EUR 11760#sunrise-store-berlin;EUR 14100#sunrise-store-vienna;DE-EUR 12960#sunrise-store-munich;DE-EUR 11640#sunrise-store-cologne;DE-EUR 12960#sunrise-store-hamburg;US-USD 11760#sunrise-store-boston-2;USD 14100#sunrise-store-chicago;US-USD 12960#sunrise-store-boston-1;US-USD 11640#sunrise-store-sanfrancisco;US-USD 12960#sunrise-store-newyork,,,https://s3-eu-west-1.amazonaws.com/commercetools-maximilian/products/079560_1_large.jpg,,,,,,,,,,,,,,,,,,,,MT980 BB,79560,M0E20000000E1B2,79560,newbalance,no,,40.5,6.5,multicolored,multi,,multi,,,,sporty,men,s15,,,,,M0E20000000E1B2
,5,M0E20000000E1B3,EUR 15000;EUR 9836 b2b;US-USD 15000;USD 9836 b2b;DE-EUR 12000;IT-EUR 12000;GB-EUR 12000;DE-EUR 12480#sunrise-store-berlin;EUR 15900#sunrise-store-vienna;DE-EUR 11160#sunrise-store-munich;DE-EUR 13080#sunrise-store-cologne;DE-EUR 11160#sunrise-store-hamburg;US-USD 12480#sunrise-store-boston-2;USD 15900#sunrise-store-chicago;US-USD 11160#sunrise-store-boston-1;US-USD 13080#sunrise-store-sanfrancisco;US-USD 11160#sunrise-store-newyork,,,https://s3-eu-west-1.amazonaws.com/commercetools-maximilian/products/079560_1_large.jpg,,,,,,,,,,,,,,,,,,,,MT980 BB,79560,M0E20000000E1B3,79560,newbalance,no,,41,7,multicolored,multi,,multi,,,,sporty,men,s15,,,,,M0E20000000E1B3
,6,M0E20000000E1B4,EUR 15000;EUR 9836 b2b;US-USD 15000;USD 9836 b2b;DE-EUR 12000;IT-EUR 12000;GB-EUR 12000;DE-EUR 11400#sunrise-store-berlin;EUR 13650#sunrise-store-vienna;DE-EUR 11400#sunrise-store-munich;DE-EUR 11280#sunrise-store-cologne;DE-EUR 11400#sunrise-store-hamburg;US-USD 11400#sunrise-store-boston-2;USD 13650#sunrise-store-chicago;US-USD 11400#sunrise-store-boston-1;US-USD 11280#sunrise-store-sanfrancisco;US-USD 11400#sunrise-store-newyork,,,https://s3-eu-west-1.amazonaws.com/commercetools-maximilian/products/079560_1_large.jpg,,,,,,,,,,,,,,,,,,,,MT980 BB,79560,M0E20000000E1B4,79560,newbalance,no,,41.5,7.5,multicolored,multi,,multi,,,,sporty,men,s15,,,,,M0E20000000E1B4
,7,M0E20000000E1B5,EUR 15000;EUR 9836 b2b;US-USD 15000;USD 9836 b2b;DE-EUR 12000;IT-EUR 12000;GB-EUR 12000;DE-EUR 12240#sunrise-store-berlin;EUR 13950#sunrise-store-vienna;DE-EUR 12120#sunrise-store-munich;DE-EUR 11520#sunrise-store-cologne;DE-EUR 12120#sunrise-store-hamburg;US-USD 12240#sunrise-store-boston-2;USD 13950#sunrise-store-chicago;US-USD 12120#sunrise-store-boston-1;US-USD 11520#sunrise-store-sanfrancisco;US-USD 12120#sunrise-store-newyork,,,https://s3-eu-west-1.amazonaws.com/commercetools-maximilian/products/079560_1_large.jpg,,,,,,,,,,,,,,,,,,,,MT980 BB,79560,M0E20000000E1B5,79560,newbalance,no,,42,8,multicolored,multi,,multi,,,,sporty,men,s15,,,,,M0E20000000E1B5
,8,M0E20000000E1B6,EUR 15000;EUR 9836 b2b;US-USD 15000;USD 9836 b2b;DE-EUR 12000;IT-EUR 12000;GB-EUR 12000;DE-EUR 12360#sunrise-store-berlin;EUR 14850#sunrise-store-vienna;DE-EUR 11040#sunrise-store-munich;DE-EUR 12240#sunrise-store-cologne;DE-EUR 11040#sunrise-store-hamburg;US-USD 12360#sunrise-store-boston-2;USD 14850#sunrise-store-chicago;US-USD 11040#sunrise-store-boston-1;US-USD 12240#sunrise-store-sanfrancisco;US-USD 11040#sunrise-store-newyork,,,https://s3-eu-west-1.amazonaws.com/commercetools-maximilian/products/079560_1_large.jpg,,,,,,,,,,,,,,,,,,,,MT980 BB,79560,M0E20000000E1B6,79560,newbalance,no,,42.5,8.5,multicolored,multi,,multi,,,,sporty,men,s15,TRUE,,,,M0E20000000E1B6
,9,M0E20000000E1B7,EUR 15000;EUR 9836 b2b;US-USD 15000;USD 9836 b2b;DE-EUR 12000;IT-EUR 12000;GB-EUR 12000;DE-EUR 13080#sunrise-store-berlin;EUR 13500#sunrise-store-vienna;DE-EUR 11880#sunrise-store-munich;DE-EUR 11160#sunrise-store-cologne;DE-EUR 11760#sunrise-store-hamburg;US-USD 13080#sunrise-store-boston-2;USD 13500#sunrise-store-chicago;US-USD 11880#sunrise-store-boston-1;US-USD 11160#sunrise-store-sanfrancisco;US-USD 11760#sunrise-store-newyork,,,https://s3-eu-west-1.amazonaws.com/commercetools-maximilian/products/079560_1_large.jpg,,,,,,,,,,,,,,,,,,,,MT980 BB,79560,M0E20000000E1B7,79560,newbalance,no,,43,9,multicolored,multi,,multi,,,,sporty,men,s15,TRUE,,,,M0E20000000E1B7
,10,M0E20000000E1B8,EUR 15000;EUR 9836 b2b;US-USD 15000;USD 9836 b2b;DE-EUR 12000;IT-EUR 12000;GB-EUR 12000;DE-EUR 12000#sunrise-store-berlin;EUR 14550#sunrise-store-vienna;DE-EUR 12000#sunrise-store-munich;DE-EUR 12000#sunrise-store-cologne;DE-EUR 12000#sunrise-store-hamburg;US-USD 12000#sunrise-store-boston-2;USD 14550#sunrise-store-chicago;US-USD 12000#sunrise-store-boston-1;US-USD 12000#sunrise-store-sanfrancisco;US-USD 12000#sunrise-store-newyork,,,https://s3-eu-west-1.amazonaws.com/commercetools-maximilian/products/079560_1_large.jpg,,,,,,,,,,,,,,,,,,,,MT980 BB,79560,M0E20000000E1B8,79560,newbalance,no,,43.5,9.5,multicolored,multi,,multi,,,,sporty,men,s15,,,,,M0E20000000E1B8
,11,M0E20000000E1B9,EUR 15000;EUR 9836 b2b;US-USD 15000;USD 9836 b2b;DE-EUR 12000;IT-EUR 12000;GB-EUR 12000;DE-EUR 12840#sunrise-store-berlin;EUR 14700#sunrise-store-vienna;DE-EUR 12720#sunrise-store-munich;DE-EUR 12120#sunrise-store-cologne;DE-EUR 12720#sunrise-store-hamburg;US-USD 12840#sunrise-store-boston-2;USD 14700#sunrise-store-chicago;US-USD 12720#sunrise-store-boston-1;US-USD 12120#sunrise-store-sanfrancisco;US-USD 12720#sunrise-store-newyork,,,https://s3-eu-west-1.amazonaws.com/commercetools-maximilian/products/079560_1_large.jpg,,,,,,,,,,,,,,,,,,,,MT980 BB,79560,M0E20000000E1B9,79560,newbalance,no,,44,10,multicolored,multi,,multi,,,,sporty,men,s15,,,,,M0E20000000E1B9
,12,M0E20000000E1BA,EUR 15000;EUR 9836 b2b;US-USD 15000;USD 9836 b2b;DE-EUR 12000;IT-EUR 12000;GB-EUR 12000;DE-EUR 11640#sunrise-store-berlin;EUR 16200#sunrise-store-vienna;DE-EUR 11520#sunrise-store-munich;DE-EUR 10920#sunrise-store-cologne;DE-EUR 11400#sunrise-store-hamburg;US-USD 11640#sunrise-store-boston-2;USD 16200#sunrise-store-chicago;US-USD 11520#sunrise-store-boston-1;US-USD 10920#sunrise-store-sanfrancisco;US-USD 11400#sunrise-store-newyork,,,https://s3-eu-west-1.amazonaws.com/commercetools-maximilian/products/079560_1_large.jpg,,,,,,,,,,,,,,,,,,,,MT980 BB,79560,M0E20000000E1BA,79560,newbalance,no,,44.5,10.5,multicolored,multi,,multi,,,,sporty,men,s15,,,,,M0E20000000E1BA
,13,M0E20000000E1BB,EUR 15000;EUR 9836 b2b;US-USD 15000;USD 9836 b2b;DE-EUR 12000;IT-EUR 12000;GB-EUR 12000;DE-EUR 11760#sunrise-store-berlin;EUR 14100#sunrise-store-vienna;DE-EUR 12960#sunrise-store-munich;DE-EUR 11640#sunrise-store-cologne;DE-EUR 12840#sunrise-store-hamburg;US-USD 11760#sunrise-store-boston-2;USD 14100#sunrise-store-chicago;US-USD 12960#sunrise-store-boston-1;US-USD 11640#sunrise-store-sanfrancisco;US-USD 12840#sunrise-store-newyork,,,https://s3-eu-west-1.amazonaws.com/commercetools-maximilian/products/079560_1_large.jpg,,,,,,,,,,,,,,,,,,,,MT980 BB,79560,M0E20000000E1BB,79560,newbalance,no,,45,11,multicolored,multi,,multi,,,,sporty,men,s15,TRUE,,,,M0E20000000E1BB
,14,M0E20000000E1BC,EUR 15000;EUR 9836 b2b;US-USD 15000;USD 9836 b2b;DE-EUR 12000;IT-EUR 12000;GB-EUR 12000;DE-EUR 12480#sunrise-store-berlin;EUR 15750#sunrise-store-vienna;DE-EUR 11280#sunrise-store-munich;DE-EUR 13080#sunrise-store-cologne;DE-EUR 11160#sunrise-store-hamburg;US-USD 12480#sunrise-store-boston-2;USD 15750#sunrise-store-chicago;US-USD 11280#sunrise-store-boston-1;US-USD 13080#sunrise-store-sanfrancisco;US-USD 11160#sunrise-store-newyork,,,https://s3-eu-west-1.amazonaws.com/commercetools-maximilian/products/079560_1_large.jpg,,,,,,,,,,,,,,,,,,,,MT980 BB,79560,M0E20000000E1BC,79560,newbalance,no,,45.5,11.5,multicolored,multi,,multi,,,,sporty,men,s15,,,,,M0E20000000E1BC
,15,M0E20000000E1BD,EUR 15000;EUR 9836 b2b;US-USD 15000;USD 9836 b2b;DE-EUR 12000;IT-EUR 12000;GB-EUR 12000;DE-EUR 11400#sunrise-store-berlin;EUR 13650#sunrise-store-vienna;DE-EUR 11400#sunrise-store-munich;DE-EUR 11400#sunrise-store-cologne;DE-EUR 11280#sunrise-store-hamburg;US-USD 11400#sunrise-store-boston-2;USD 13650#sunrise-store-chicago;US-USD 11400#sunrise-store-boston-1;US-USD 11400#sunrise-store-sanfrancisco;US-USD 11280#sunrise-store-newyork,,,https://s3-eu-west-1.amazonaws.com/commercetools-maximilian/products/079560_1_large.jpg,,,,,,,,,,,,,,,,,,,,MT980 BB,79560,M0E20000000E1BD,79560,newbalance,no,,46,12,multicolored,multi,,multi,,,,sporty,men,s15,,,,,M0E20000000E1BD
,16,M0E20000000E1BE,EUR 15000;EUR 9836 b2b;US-USD 15000;USD 9836 b2b;DE-EUR 12000;IT-EUR 12000;GB-EUR 12000;DE-EUR 12240#sunrise-store-berlin;EUR 13800#sunrise-store-vienna;DE-EUR 12120#sunrise-store-munich;DE-EUR 11520#sunrise-store-cologne;DE-EUR 12120#sunrise-store-hamburg;US-USD 12240#sunrise-store-boston-2;USD 13800#sunrise-store-chicago;US-USD 12120#sunrise-store-boston-1;US-USD 11520#sunrise-store-sanfrancisco;US-USD 12120#sunrise-store-newyork,,,https://s3-eu-west-1.amazonaws.com/commercetools-maximilian/products/079560_1_large.jpg,,,,,,,,,,,,,,,,,,,,MT980 BB,79560,M0E20000000E1BE,79560,newbalance,no,,46.5,12.5,multicolored,multi,,multi,,,,sporty,men,s15,,,,,M0E20000000E1BE
,17,M0E20000000E1BF,EUR 15000;EUR 9836 b2b;US-USD 15000;USD 9836 b2b;DE-EUR 12000;IT-EUR 12000;GB-EUR 12000;DE-EUR 12360#sunrise-store-berlin;EUR 14850#sunrise-store-vienna;DE-EUR 11040#sunrise-store-munich;DE-EUR 12360#sunrise-store-cologne;DE-EUR 10920#sunrise-store-hamburg;US-USD 12360#sunrise-store-boston-2;USD 14850#sunrise-store-chicago;US-USD 11040#sunrise-store-boston-1;US-USD 12360#sunrise-store-sanfrancisco;US-USD 10920#sunrise-store-newyork,,,https://s3-eu-west-1.amazonaws.com/commercetools-maximilian/products/079560_1_large.jpg,,,,,,,,,,,,,,,,,,,,MT980 BB,79560,M0E20000000E1BF,79560,newbalance,no,,47,13,multicolored,multi,,multi,,,,sporty,men,s15,,,,,M0E20000000E1BF
main,1,M0E20000000E2Q5,EUR 10750;EUR 7049 b2b;US-USD 10750;USD 7049 b2b;DE-EUR 8600;IT-EUR 8600;GB-EUR 8600;DE-EUR 8772#sunrise-store-berlin;EUR 9782#sunrise-store-vienna;DE-EUR 9288#sunrise-store-munich;DE-EUR 9116#sunrise-store-cologne;DE-EUR 9202#sunrise-store-hamburg;US-USD 8772#sunrise-store-boston-2;USD 9782#sunrise-store-chicago;US-USD 9288#sunrise-store-boston-1;US-USD 9116#sunrise-store-sanfrancisco;US-USD 9202#sunrise-store-newyork,standard,Men>Clothing>T-shirts,https://s3-eu-west-1.amazonaws.com/commercetools-maximilian/products/079897_1_large.jpg,Polo Ralph Lauren green,,poloralphlauren-polo-C8312A3ZHJ-green,,,,Polo Ralph Lauren grün,,poloralphlauren-polo-C8312A3ZHJ-gruen,,,,,,,,,,,A12KAA10 C8312 A3ZHJ,79897,M0E20000000E2Q5,79897,poloralphlauren,no,,xxs,XXS,green,green,,grün,,,,sporty,men,s15,,,,,M0E20000000E2Q5
,2,M0E20000000E2Q6,EUR 10750;EUR 7049 b2b;US-USD 10750;USD 7049 b2b;DE-EUR 8600;IT-EUR 8600;GB-EUR 8600;DE-EUR 7912#sunrise-store-berlin;EUR 10428#sunrise-store-vienna;DE-EUR 9460#sunrise-store-munich;DE-EUR 7912#sunrise-store-cologne;DE-EUR 9374#sunrise-store-hamburg;US-USD 7912#sunrise-store-boston-2;USD 10428#sunrise-store-chicago;US-USD 9460#sunrise-store-boston-1;US-USD 7912#sunrise-store-sanfrancisco;US-USD 9374#sunrise-store-newyork,,,https://s3-eu-west-1.amazonaws.com/commercetools-maximilian/products/079897_1_large.jpg,,,,,,,,,,,,,,,,,,,,A12KAA10 C8312 A3ZHJ,79897,M0E20000000E2Q6,79897,poloralphlauren,no,,xs,XS,green,green,,grün,,,,sporty,men,s15,,,,,M0E20000000E2Q6
,3,M0E20000000E2Q7,EUR 10750;EUR 7049 b2b;US-USD 10750;USD 7049 b2b;DE-EUR 8600;IT-EUR 8600;GB-EUR 8600;DE-EUR 8514#sunrise-store-berlin;EUR 10642#sunrise-store-vienna;DE-EUR 8170#sunrise-store-munich;DE-EUR 7998#sunrise-store-cologne;DE-EUR 8084#sunrise-store-hamburg;US-USD 8514#sunrise-store-boston-2;USD 10642#sunrise-store-chicago;US-USD 8170#sunrise-store-boston-1;US-USD 7998#sunrise-store-sanfrancisco;US-USD 8084#sunrise-store-newyork,,,https://s3-eu-west-1.amazonaws.com/commercetools-maximilian/products/079897_1_large.jpg,,,,,,,,,,,,,,,,,,,,A12KAA10 C8312 A3ZHJ,79897,M0E20000000E2Q7,79897,poloralphlauren,no,,s,S,green,green,,grün,,,,sporty,men,s15,,,,,M0E20000000E2Q7
,4,M0E20000000E2Q8,EUR 10750;EUR 7049 b2b;US-USD 10750;USD 7049 b2b;DE-EUR 8600;IT-EUR 8600;GB-EUR 8600;DE-EUR 8600#sunrise-store-berlin;EUR 11288#sunrise-store-vienna;DE-EUR 9202#sunrise-store-munich;DE-EUR 8600#sunrise-store-cologne;DE-EUR 9116#sunrise-store-hamburg;US-USD 8600#sunrise-store-boston-2;USD 11288#sunrise-store-chicago;US-USD 9202#sunrise-store-boston-1;US-USD 8600#sunrise-store-sanfrancisco;US-USD 9116#sunrise-store-newyork,,,https://s3-eu-west-1.amazonaws.com/commercetools-maximilian/products/079897_1_large.jpg,,,,,,,,,,,,,,,,,,,,A12KAA10 C8312 A3ZHJ,79897,M0E20000000E2Q8,79897,poloralphlauren,no,,m,M,green,green,,grün,,,,sporty,men,s15,,,,,M0E20000000E2Q8
,5,M0E20000000E2Q9,EUR 10750;EUR 7049 b2b;US-USD 10750;USD 7049 b2b;DE-EUR 8600;IT-EUR 8600;GB-EUR 8600;DE-EUR 9202#sunrise-store-berlin;EUR 10320#sunrise-store-vienna;DE-EUR 7912#sunrise-store-munich;DE-EUR 7740#sunrise-store-cologne;DE-EUR 7912#sunrise-store-hamburg;US-USD 9202#sunrise-store-boston-2;USD 10320#sunrise-store-chicago;US-USD 7912#sunrise-store-boston-1;US-USD 7740#sunrise-store-sanfrancisco;US-USD 7912#sunrise-store-newyork,,,https://s3-eu-west-1.amazonaws.com/commercetools-maximilian/products/079897_1_large.jpg,,,,,,,,,,,,,,,,,,,,A12KAA10 C8312 A3ZHJ,79897,M0E20000000E2Q9,79897,poloralphlauren,no,,l,L,green,green,,grün,,,,sporty,men,s15,TRUE,,,,M0E20000000E2Q9
,6,M0E20000000E2QA,EUR 10750;EUR 7049 b2b;US-USD 10750;USD 7049 b2b;DE-EUR 8600;IT-EUR 8600;GB-EUR 8600;DE-EUR 9116#sunrise-store-berlin;EUR 11502#sunrise-store-vienna;DE-EUR 8772#sunrise-store-munich;DE-EUR 8600#sunrise-store-cologne;DE-EUR 8772#sunrise-store-hamburg;US-USD 9116#sunrise-store-boston-2;USD 11502#sunrise-store-chicago;US-USD 8772#sunrise-store-boston-1;US-USD 8600#sunrise-store-sanfrancisco;US-USD 8772#sunrise-store-newyork,,,https://s3-eu-west-1.amazonaws.com/commercetools-maximilian/products/079897_1_large.jpg,,,,,,,,,,,,,,,,,,,,A12KAA10 C8312 A3ZHJ,79897,M0E20000000E2QA,79897,poloralphlauren,no,,xl,XL,green,green,,grün,,,,sporty,men,s15,,,,,M0E20000000E2QA
,7,M0E20000000E2QB,EUR 10750;EUR 7049 b2b;US-USD 10750;USD 7049 b2b;DE-EUR 8600;IT-EUR 8600;GB-EUR 8600;DE-EUR 8342#sunrise-store-berlin;EUR 9890#sunrise-store-vienna;DE-EUR 8944#sunrise-store-munich;DE-EUR 9202#sunrise-store-cologne;DE-EUR 8944#sunrise-store-hamburg;US-USD 8342#sunrise-store-boston-2;USD 9890#sunrise-store-chicago;US-USD 8944#sunrise-store-boston-1;US-USD 9202#sunrise-store-sanfrancisco;US-USD 8944#sunrise-store-newyork,,,https://s3-eu-west-1.amazonaws.com/commercetools-maximilian/products/079897_1_large.jpg,,,,,,,,,,,,,,,,,,,,A12KAA10 C8312 A3ZHJ,79897,M0E20000000E2QB,79897,poloralphlauren,no,,xxl,XXL,green,green,,grün,,,,sporty,men,s15,TRUE,,,,M0E20000000E2QB
,8,M0E20000000E2QC,EUR 10750;EUR 7049 b2b;US-USD 10750;USD 7049 b2b;DE-EUR 8600;IT-EUR 8600;GB-EUR 8600;DE-EUR 8858#sunrise-store-berlin;EUR 10105#sunrise-store-vienna;DE-EUR 9460#sunrise-store-munich;DE-EUR 9288#sunrise-store-cologne;DE-EUR 9460#sunrise-store-hamburg;US-USD 8858#sunrise-store-boston-2;USD 10105#sunrise-store-chicago;US-USD 9460#sunrise-store-boston-1;US-USD 9288#sunrise-store-sanfrancisco;US-USD 9460#sunrise-store-newyork,,,https://s3-eu-west-1.amazonaws.com/commercetools-maximilian/products/079897_1_large.jpg,,,,,,,,,,,,,,,,,,,,A12KAA10 C8312 A3ZHJ,79897,M0E20000000E2QC,79897,poloralphlauren,no,,xxxl,XXXL,green,green,,grün,,,,sporty,men,s15,,,,,M0E20000000E2QC
main,1,M0E20000000F1YN,EUR 124375;EUR 81557 b2b;US-USD 124375;USD 81557 b2b;DE-EUR 99500;IT-EUR 99500;GB-EUR 99500;DE-EUR 107460#sunrise-store-berlin;EUR 136812#sunrise-store-vienna;DE-EUR 98505#sunrise-store-munich;DE-EUR 91540#sunrise-store-cologne;DE-EUR 107460#sunrise-store-hamburg;US-USD 107460#sunrise-store-boston-2;USD 136812#sunrise-store-chicago;US-USD 98505#sunrise-store-boston-1;US-USD 91540#sunrise-store-sanfrancisco;US-USD 107460#sunrise-store-newyork,standard,Women>Clothing>Jackets,https://s3-eu-west-1.amazonaws.com/commercetools-maximilian/products/084902_1_medium.jpg,Moncler – Down Coat “Joinville”,The Italian label Moncler presents modern elegant Down Coat with ultimate cult status! This model keeps you cozy and warm throughout the winter. The slightly diagonal zipper and stand-up collar are absolute trendy. A piece that will get you through many seasons!,moncler-downcoat-JOINVILLE999-black,,,,Moncler – Daunenmantel „Joinville“,"Das italienische Label Moncler präsentiert uns wieder modern- elegante Daunenmäntel mit Kultstatusgarantie! Mit schräg verlaufendem, kontrastierendem Reißverschluss und Stehkragen, hält dieses Modell wohlig warm und ist gleichzeig absolut stylish. Ein Teil, das Sie von Saison zu Saison begleiten wird!",moncler-daunenmantel-JOINVILLE999-schwarz,,,,,,,,,,,JOINVILLE 999,84902,M0E20000000F1YN,84902,moncler,no,,xs,0,black,black,,schwarz,,,,sporty,women,A15,,,,,M0E20000000F1YN
,2,M0E20000000F1YO,EUR 124375;EUR 81557 b2b;US-USD 124375;USD 81557 b2b;DE-EUR 99500;IT-EUR 99500;GB-EUR 99500;DE-EUR 93530#sunrise-store-berlin;EUR 125619#sunrise-store-vienna;DE-EUR 104475#sunrise-store-munich;DE-EUR 103480#sunrise-store-cologne;DE-EUR 93530#sunrise-store-hamburg;US-USD 93530#sunrise-store-boston-2;USD 125619#sunrise-store-chicago;US-USD 104475#sunrise-store-boston-1;US-USD 103480#sunrise-store-sanfrancisco;US-USD 93530#sunrise-store-newyork,,,https://s3-eu-west-1.amazonaws.com/commercetools-maximilian/products/084902_1_medium.jpg,,,,,,,,,,,,,,,,,,,,JOINVILLE 999,84902,M0E20000000F1YO,84902,moncler,no,,s,1,black,black,,schwarz,,,,sporty,women,A15,,,,,M0E20000000F1YO
,3,M0E20000000F1YP,EUR 124375;EUR 81557 b2b;US-USD 124375;USD 81557 b2b;DE-EUR 99500;IT-EUR 99500;GB-EUR 99500;DE-EUR 104475#sunrise-store-berlin;EUR 133081#sunrise-store-vienna;DE-EUR 106465#sunrise-store-munich;DE-EUR 109450#sunrise-store-cologne;DE-EUR 94525#sunrise-store-hamburg;US-USD 104475#sunrise-store-boston-2;USD 133081#sunrise-store-chicago;US-USD 106465#sunrise-store-boston-1;US-USD 109450#sunrise-store-sanfrancisco;US-USD 94525#sunrise-store-newyork,,,https://s3-eu-west-1.amazonaws.com/commercetools-maximilian/products/084902_1_medium.jpg,,,,,,,,,,,,,,,,,,,,JOINVILLE 999,84902,M0E20000000F1YP,84902,moncler,no,,m,2,black,black,,schwarz,,,,sporty,women,A15,,,,,M0E20000000F1YP
,4,M0E20000000F1YQ,EUR 124375;EUR 81557 b2b;US-USD 124375;USD 81557 b2b;DE-EUR 99500;IT-EUR 99500;GB-EUR 99500;DE-EUR 90545#sunrise-store-berlin;EUR 135569#sunrise-store-vienna;DE-EUR 91540#sunrise-store-munich;DE-EUR 89550#sunrise-store-cologne;DE-EUR 101490#sunrise-store-hamburg;US-USD 90545#sunrise-store-boston-2;USD 135569#sunrise-store-chicago;US-USD 91540#sunrise-store-boston-1;US-USD 89550#sunrise-store-sanfrancisco;US-USD 101490#sunrise-store-newyork,,,https://s3-eu-west-1.amazonaws.com/commercetools-maximilian/products/084902_1_medium.jpg,,,,,,,,,,,,,,,,,,,,JOINVILLE 999,84902,M0E20000000F1YQ,84902,moncler,no,,l,3,black,black,,schwarz,,,,sporty,women,A15,,,,,M0E20000000F1YQ
,5,M0E20000000F1YR,EUR 124375;EUR 81557 b2b;US-USD 124375;USD 81557 b2b;DE-EUR 99500;IT-EUR 99500;GB-EUR 99500;DE-EUR 91540#sunrise-store-berlin;EUR 116912#sunrise-store-vienna;DE-EUR 103480#sunrise-store-munich;DE-EUR 96515#sunrise-store-cologne;DE-EUR 91540#sunrise-store-hamburg;US-USD 91540#sunrise-store-boston-2;USD 116912#sunrise-store-chicago;US-USD 103480#sunrise-store-boston-1;US-USD 96515#sunrise-store-sanfrancisco;US-USD 91540#sunrise-store-newyork,,,https://s3-eu-west-1.amazonaws.com/commercetools-maximilian/products/084902_1_medium.jpg,,,,,,,,,,,,,,,,,,,,JOINVILLE 999,84902,M0E20000000F1YR,84902,moncler,no,,xl,4,black,black,,schwarz,,,,sporty,women,A15,,,,,M0E20000000F1YR
,6,M0E20000000F1YS,EUR 124375;EUR 81557 b2b;US-USD 124375;USD 81557 b2b;DE-EUR 99500;IT-EUR 99500;GB-EUR 99500;DE-EUR 98505#sunrise-store-berlin;EUR 131838#sunrise-store-vienna;DE-EUR 89550#sunrise-store-munich;DE-EUR 108455#sunrise-store-cologne;DE-EUR 98505#sunrise-store-hamburg;US-USD 98505#sunrise-store-boston-2;USD 131838#sunrise-store-chicago;US-USD 89550#sunrise-store-boston-1;US-USD 108455#sunrise-store-sanfrancisco;US-USD 98505#sunrise-store-newyork,,,https://s3-eu-west-1.amazonaws.com/commercetools-maximilian/products/084902_1_medium.jpg,,,,,,,,,,,,,,,,,,,,JOINVILLE 999,84902,M0E20000000F1YS,84902,moncler,no,,xxl,5,black,black,,schwarz,,,,sporty,women,A15,,,,,M0E20000000F1YS
,7,M0E20000000F1YT,EUR 124375;EUR 81557 b2b;US-USD 124375;USD 81557 b2b;DE-EUR 99500;IT-EUR 99500;GB-EUR 99500;DE-EUR 89550#sunrise-store-berlin;EUR 113181#sunrise-store-vienna;DE-EUR 90545#sunrise-store-munich;DE-EUR 94525#sunrise-store-cologne;DE-EUR 99500#sunrise-store-hamburg;US-USD 89550#sunrise-store-boston-2;USD 113181#sunrise-store-chicago;US-USD 90545#sunrise-store-boston-1;US-USD 94525#sunrise-store-sanfrancisco;US-USD 99500#sunrise-store-newyork,,,https://s3-eu-west-1.amazonaws.com/commercetools-maximilian/products/084902_1_medium.jpg,,,,,,,,,,,,,,,,,,,,JOINVILLE 999,84902,M0E20000000F1YT,84902,moncler,no,,xxxl,6,black,black,,schwarz,,,,sporty,women,A15,,,,,M0E20000000F1YT
,8,M0E20000000F1YU,EUR 124375;EUR 81557 b2b;US-USD 124375;USD 81557 b2b;DE-EUR 99500;IT-EUR 99500;GB-EUR 99500;DE-EUR 95520#sunrise-store-berlin;EUR 115669#sunrise-store-vienna;DE-EUR 97510#sunrise-store-munich;DE-EUR 95520#sunrise-store-cologne;DE-EUR 106465#sunrise-store-hamburg;US-USD 95520#sunrise-store-boston-2;USD 115669#sunrise-store-chicago;US-USD 97510#sunrise-store-boston-1;US-USD 95520#sunrise-store-sanfrancisco;US-USD 106465#sunrise-store-newyork,,,https://s3-eu-west-1.amazonaws.com/commercetools-maximilian/products/084902_1_medium.jpg,,,,,,,,,,,,,,,,,,,,JOINVILLE 999,84902,M0E20000000F1YU,84902,moncler,no,,xxxl,7,black,black,,schwarz,,,,sporty,women,A15,,,,,M0E20000000F1YU
main,1,M0E20000000DVK1,EUR 14000;EUR 9180 b2b;US-USD 14000;USD 9180 b2b;DE-EUR 11200;IT-EUR 11200;GB-EUR 11200;DE-EUR 11984#sunrise-store-berlin;EUR 12740#sunrise-store-vienna;DE-EUR 10528#sunrise-store-munich;DE-EUR 10528#sunrise-store-cologne;DE-EUR 11984#sunrise-store-hamburg;US-USD 11984#sunrise-store-boston-2;USD 12740#sunrise-store-chicago;US-USD 10528#sunrise-store-boston-1;US-USD 10528#sunrise-store-sanfrancisco;US-USD 11984#sunrise-store-newyork,standard,Women>Clothing>Shirts,https://s3-eu-west-1.amazonaws.com/commercetools-maximilian/products/078987_1_medium.jpg,Shirt “Kendall“ Polo Ralph Lauren white,,poloralphlauren-shirt-kendall-BG207B1426-white,,,,Bluse „Kendall“ Polo Ralph Lauren weiß,,poloralphlauren-bluse-kendall-BG207B1426-weiss,,,,,,,,,,,V33IG270 BG207 B1426,78987,M0E20000000DVK1,78987,poloralphlauren,no,,xxs,0,white,white,,weiß,,,,sporty,women,s15,,,,,M0E20000000DVK1
,2,M0E20000000DVK2,EUR 14000;EUR 9180 b2b;US-USD 14000;USD 9180 b2b;DE-EUR 11200;IT-EUR 11200;GB-EUR 11200;DE-EUR 10416#sunrise-store-berlin;EUR 14280#sunrise-store-vienna;DE-EUR 11200#sunrise-store-munich;DE-EUR 11872#sunrise-store-cologne;DE-EUR 10416#sunrise-store-hamburg;US-USD 10416#sunrise-store-boston-2;USD 14280#sunrise-store-chicago;US-USD 11200#sunrise-store-boston-1;US-USD 11872#sunrise-store-sanfrancisco;US-USD 10416#sunrise-store-newyork,,,https://s3-eu-west-1.amazonaws.com/commercetools-maximilian/products/078987_1_medium.jpg,,,,,,,,,,,,,,,,,,,,V33IG270 BG207 B1426,78987,M0E20000000DVK2,78987,poloralphlauren,no,,xs,2,white,white,,weiß,,,,sporty,women,s15,,,,,M0E20000000DVK2
,3,M0E20000000DVK3,EUR 14000;EUR 9180 b2b;US-USD 14000;USD 9180 b2b;DE-EUR 11200;IT-EUR 11200;GB-EUR 11200;DE-EUR 10640#sunrise-store-berlin;EUR 15260#sunrise-store-vienna;DE-EUR 11424#sunrise-store-munich;DE-EUR 10192#sunrise-store-cologne;DE-EUR 10528#sunrise-store-hamburg;US-USD 10640#sunrise-store-boston-2;USD 15260#sunrise-store-chicago;US-USD 11424#sunrise-store-boston-1;US-USD 10192#sunrise-store-sanfrancisco;US-USD 10528#sunrise-store-newyork,,,https://s3-eu-west-1.amazonaws.com/commercetools-maximilian/products/078987_1_medium.jpg,,,,,,,,,,,,,,,,,,,,V33IG270 BG207 B1426,78987,M0E20000000DVK3,78987,poloralphlauren,no,,s,4,white,white,,weiß,,,,sporty,women,s15,,,,,M0E20000000DVK3
,4,M0E20000000DVK4,EUR 14000;EUR 9180 b2b;US-USD 14000;USD 9180 b2b;DE-EUR 11200;IT-EUR 11200;GB-EUR 11200;DE-EUR 11312#sunrise-store-berlin;EUR 15400#sunrise-store-vienna;DE-EUR 12096#sunrise-store-munich;DE-EUR 10416#sunrise-store-cologne;DE-EUR 11200#sunrise-store-hamburg;US-USD 11312#sunrise-store-boston-2;USD 15400#sunrise-store-chicago;US-USD 12096#sunrise-store-boston-1;US-USD 10416#sunrise-store-sanfrancisco;US-USD 11200#sunrise-store-newyork,,,https://s3-eu-west-1.amazonaws.com/commercetools-maximilian/products/078987_1_medium.jpg,,,,,,,,,,,,,,,,,,,,V33IG270 BG207 B1426,78987,M0E20000000DVK4,78987,poloralphlauren,no,,m,6,white,white,,weiß,,,,sporty,women,s15,TRUE,,,,M0E20000000DVK4
,5,M0E20000000DVK5,EUR 14000;EUR 9180 b2b;US-USD 14000;USD 9180 b2b;DE-EUR 11200;IT-EUR 11200;GB-EUR 11200;DE-EUR 11424#sunrise-store-berlin;EUR 13440#sunrise-store-vienna;DE-EUR 11088#sunrise-store-munich;DE-EUR 11088#sunrise-store-cologne;DE-EUR 10192#sunrise-store-hamburg;US-USD 11424#sunrise-store-boston-2;USD 13440#sunrise-store-chicago;US-USD 11088#sunrise-store-boston-1;US-USD 11088#sunrise-store-sanfrancisco;US-USD 10192#sunrise-store-newyork,,,https://s3-eu-west-1.amazonaws.com/commercetools-maximilian/products/078987_1_medium.jpg,,,,,,,,,,,,,,,,,,,,V33IG270 BG207 B1426,78987,M0E20000000DVK5,78987,poloralphlauren,no,,l,8,white,white,,weiß,,,,sporty,women,s15,TRUE,,,,M0E20000000DVK5
,6,M0E20000000DVK6,EUR 14000;EUR 9180 b2b;US-USD 14000;USD 9180 b2b;DE-EUR 11200;IT-EUR 11200;GB-EUR 11200;DE-EUR 12208#sunrise-store-berlin;EUR 15120#sunrise-store-vienna;DE-EUR 11760#sunrise-store-munich;DE-EUR 10080#sunrise-store-cologne;DE-EUR 10976#sunrise-store-hamburg;US-USD 12208#sunrise-store-boston-2;USD 15120#sunrise-store-chicago;US-USD 11760#sunrise-store-boston-1;US-USD 10080#sunrise-store-sanfrancisco;US-USD 10976#sunrise-store-newyork,,,https://s3-eu-west-1.amazonaws.com/commercetools-maximilian/products/078987_1_medium.jpg,,,,,,,,,,,,,,,,,,,,V33IG270 BG207 B1426,78987,M0E20000000DVK6,78987,poloralphlauren,no,,xl,10,white,white,,weiß,,,,sporty,women,s15,TRUE,,,,M0E20000000DVK6
,7,M0E20000000DVK7,EUR 14000;EUR 9180 b2b;US-USD 14000;USD 9180 b2b;DE-EUR 11200;IT-EUR 11200;GB-EUR 11200;DE-EUR 11200#sunrise-store-berlin;EUR 13020#sunrise-store-vienna;DE-EUR 11984#sunrise-store-munich;DE-EUR 10752#sunrise-store-cologne;DE-EUR 11088#sunrise-store-hamburg;US-USD 11200#sunrise-store-boston-2;USD 13020#sunrise-store-chicago;US-USD 11984#sunrise-store-boston-1;US-USD 10752#sunrise-store-sanfrancisco;US-USD 11088#sunrise-store-newyork,,,https://s3-eu-west-1.amazonaws.com/commercetools-maximilian/products/078987_1_medium.jpg,,,,,,,,,,,,,,,,,,,,V33IG270 BG207 B1426,78987,M0E20000000DVK7,78987,poloralphlauren,no,,xxl,12,white,white,,weiß,,,,sporty,women,s15,,,,,M0E20000000DVK7
,8,M0E20000000DVK8,EUR 14000;EUR 9180 b2b;US-USD 14000;USD 9180 b2b;DE-EUR 11200;IT-EUR 11200;GB-EUR 11200;DE-EUR 11872#sunrise-store-berlin;EUR 13300#sunrise-store-vienna;DE-EUR 10304#sunrise-store-munich;DE-EUR 10976#sunrise-store-cologne;DE-EUR 11872#sunrise-store-hamburg;US-USD 11872#sunrise-store-boston-2;USD 13300#sunrise-store-chicago;US-USD 10304#sunrise-store-boston-1;US-USD 10976#sunrise-store-sanfrancisco;US-USD 11872#sunrise-store-newyork,,,https://s3-eu-west-1.amazonaws.com/commercetools-maximilian/products/078987_1_medium.jpg,,,,,,,,,,,,,,,,,,,,V33IG270 BG207 B1426,78987,M0E20000000DVK8,78987,poloralphlauren,no,,xxxl,14,white,white,,weiß,,,,sporty,women,s15,,,,,M0E20000000DVK8
,9,M0E20000000DVK9,EUR 14000;EUR 9180 b2b;US-USD 14000;USD 9180 b2b;DE-EUR 11200;IT-EUR 11200;GB-EUR 11200;DE-EUR 12096#sunrise-store-berlin;EUR 14140#sunrise-store-vienna;DE-EUR 11648#sunrise-store-munich;DE-EUR 11648#sunrise-store-cologne;DE-EUR 10752#sunrise-store-hamburg;US-USD 12096#sunrise-store-boston-2;USD 14140#sunrise-store-chicago;US-USD 11648#sunrise-store-boston-1;US-USD 11648#sunrise-store-sanfrancisco;US-USD 10752#sunrise-store-newyork,,,https://s3-eu-west-1.amazonaws.com/commercetools-maximilian/products/078987_1_medium.jpg,,,,,,,,,,,,,,,,,,,,V33IG270 BG207 B1426,78987,M0E20000000DVK9,78987,poloralphlauren,no,,xxxl,16,white,white,,weiß,,,,sporty,women,s15,,,,,M0E20000000DVK9
,10,M0E20000000DVKA,EUR 14000;EUR 9180 b2b;US-USD 14000;USD 9180 b2b;DE-EUR 11200;IT-EUR 11200;GB-EUR 11200;DE-EUR 10864#sunrise-store-berlin;EUR 12740#sunrise-store-vienna;DE-EUR 10528#sunrise-store-munich;DE-EUR 10528#sunrise-store-cologne;DE-EUR 12320#sunrise-store-hamburg;US-USD 10864#sunrise-store-boston-2;USD 12740#sunrise-store-chicago;US-USD 10528#sunrise-store-boston-1;US-USD 10528#sunrise-store-sanfrancisco;US-USD 12320#sunrise-store-newyork,,,https://s3-eu-west-1.amazonaws.com/commercetools-maximilian/products/078987_1_medium.jpg,,,,,,,,,,,,,,,,,,,,V33IG270 BG207 B1426,78987,M0E20000000DVKA,78987,poloralphlauren,no,,xxxl,18,white,white,,weiß,,,,sporty,women,s15,,,,,M0E20000000DVKA
main,1,M0E20000000DJR9,EUR 21250;EUR 13934 b2b;US-USD 21250;USD 13934 b2b;DE-EUR 17000;IT-EUR 17000;GB-EUR 17000;DE-EUR 18700#sunrise-store-berlin;EUR 22312#sunrise-store-vienna;DE-EUR 17510#sunrise-store-munich;DE-EUR 17850#sunrise-store-cologne;DE-EUR 16150#sunrise-store-hamburg;US-USD 18700#sunrise-store-boston-2;USD 22312#sunrise-store-chicago;US-USD 17510#sunrise-store-boston-1;US-USD 17850#sunrise-store-sanfrancisco;US-USD 16150#sunrise-store-newyork,standard,Sale>Women>Clothing;Women>Clothing>Tops,https://s3-eu-west-1.amazonaws.com/commercetools-maximilian/products/072601_1_large.jpg,Sweater Pinko white,,pinko-sweater-1G10XXY19KZ04-white,,,,Pullover Pinko weiß,,pinko-pullover-1G10XXY19KZ04-weiss,,,,,,,,,,,1G10XX Y19K Z04,72601,M0E20000000DJR9,72601,pinko,no,,xxs,XXS,white,white,,weiß,,,,sporty,women,s15,,,,,M0E20000000DJR9
,2,M0E20000000DJRA,EUR 21250;EUR 13934 b2b;US-USD 21250;USD 13934 b2b;DE-EUR 17000;IT-EUR 17000;GB-EUR 17000;DE-EUR 17000#sunrise-store-berlin;EUR 19975#sunrise-store-vienna;DE-EUR 15640#sunrise-store-munich;DE-EUR 16490#sunrise-store-cologne;DE-EUR 17850#sunrise-store-hamburg;US-USD 17000#sunrise-store-boston-2;USD 19975#sunrise-store-chicago;US-USD 15640#sunrise-store-boston-1;US-USD 16490#sunrise-store-sanfrancisco;US-USD 17850#sunrise-store-newyork,,,https://s3-eu-west-1.amazonaws.com/commercetools-maximilian/products/072601_1_large.jpg,,,,,,,,,,,,,,,,,,,,1G10XX Y19K Z04,72601,M0E20000000DJRA,72601,pinko,no,,xs,XS,white,white,,weiß,,,,sporty,women,s15,TRUE,,,,M0E20000000DJRA
,3,M0E20000000DJRB,EUR 21250;EUR 13934 b2b;US-USD 21250;USD 13934 b2b;DE-EUR 17000;IT-EUR 17000;GB-EUR 17000;DE-EUR 15300#sunrise-store-berlin;EUR 21462#sunrise-store-vienna;DE-EUR 15810#sunrise-store-munich;DE-EUR 17680#sunrise-store-cologne;DE-EUR 18190#sunrise-store-hamburg;US-USD 15300#sunrise-store-boston-2;USD 21462#sunrise-store-chicago;US-USD 15810#sunrise-store-boston-1;US-USD 17680#sunrise-store-sanfrancisco;US-USD 18190#sunrise-store-newyork,,,https://s3-eu-west-1.amazonaws.com/commercetools-maximilian/products/072601_1_large.jpg,,,,,,,,,,,,,,,,,,,,1G10XX Y19K Z04,72601,M0E20000000DJRB,72601,pinko,no,,s,S,white,white,,weiß,,,,sporty,women,s15,TRUE,,,,M0E20000000DJRB
,4,M0E20000000DJRC,EUR 21250;EUR 13934 b2b;US-USD 21250;USD 13934 b2b;DE-EUR 17000;IT-EUR 17000;GB-EUR 17000;DE-EUR 16490#sunrise-store-berlin;EUR 21675#sunrise-store-vienna;DE-EUR 17000#sunrise-store-munich;DE-EUR 17850#sunrise-store-cologne;DE-EUR 15640#sunrise-store-hamburg;US-USD 16490#sunrise-store-boston-2;USD 21675#sunrise-store-chicago;US-USD 17000#sunrise-store-boston-1;US-USD 17850#sunrise-store-sanfrancisco;US-USD 15640#sunrise-store-newyork,,,https://s3-eu-west-1.amazonaws.com/commercetools-maximilian/products/072601_1_large.jpg,,,,,,,,,,,,,,,,,,,,1G10XX Y19K Z04,72601,M0E20000000DJRC,72601,pinko,no,,m,M,white,white,,weiß,,,,sporty,women,s15,,,,,M0E20000000DJRC
,5,M0E20000000DJRD,EUR 21250;EUR 13934 b2b;US-USD 21250;USD 13934 b2b;DE-EUR 17000;IT-EUR 17000;GB-EUR 17000;DE-EUR 16660#sunrise-store-berlin;EUR 22950#sunrise-store-vienna;DE-EUR 15470#sunrise-store-munich;DE-EUR 15470#sunrise-store-cologne;DE-EUR 17680#sunrise-store-hamburg;US-USD 16660#sunrise-store-boston-2;USD 22950#sunrise-store-chicago;US-USD 15470#sunrise-store-boston-1;US-USD 15470#sunrise-store-sanfrancisco;US-USD 17680#sunrise-store-newyork,,,https://s3-eu-west-1.amazonaws.com/commercetools-maximilian/products/072601_1_large.jpg,,,,,,,,,,,,,,,,,,,,1G10XX Y19K Z04,72601,M0E20000000DJRD,72601,pinko,no,,l,L,white,white,,weiß,,,,sporty,women,s15,,,,,M0E20000000DJRD